{
    "type": "FeatureCollection",
    "features": [
        {
            "type": "Feature",
            "bbox": [
                -120.17831969,
                43.90323788,
                -118.22332759,
                45.28299238
            ],
            "properties": {
                "gauge_id": "14046500",
                "noaa_id": "SERO3",
                "gauge_name": "JOHN DAY RIVER AT SERVICE CREEK, OR",
                "area_sq_km": 13304.385
            },
            "geometry": {
                "type": "MultiPoint",
                "coordinates": [
                    [
                        -119.6,
                        44.2
                    ],
                    [
                        -119.3,
                        44.2
                    ],
                    [
                        -119.9,
                        44.5
                    ],
                    [
                        -119.6,
                        44.5
                    ],
                    [
                        -119.3,
                        44.5
                    ],
                    [
                        -119.0,
                        44.5
                    ],
                    [
                        -118.7,
                        44.5
                    ],
                    [
                        -118.4,
                        44.5
                    ],
                    [
                        -119.9,
                        44.8
                    ],
                    [
                        -119.6,
                        44.8
                    ],
                    [
                        -119.3,
                        44.8
                    ],
                    [
                        -119.0,
                        44.8
                    ],
                    [
                        -118.7,
                        44.8
                    ],
                    [
                        -118.4,
                        44.8
                    ],
                    [
                        -119.3,
                        45.1
                    ],
                    [
                        -119.0,
                        45.1
                    ],
                    [
                        -118.7,
                        45.1
                    ]
                ]
            }
        }
    ]
}