{
    "type": "FeatureCollection",
    "features": [
        {
            "type": "Feature",
            "bbox": [
                -122.14609,
                45.15391705,
                -121.67927864,
                45.43529451
            ],
            "properties": {
                "gauge_id": "14137000",
                "noaa_id": "SRMO3",
                "gauge_name": "SANDY RIVER NEAR MARMOT, OR",
                "area_sq_km": 676.496
            },
            "geometry": {
                "type": "MultiPoint",
                "coordinates": [
                    [
                        -121.9,
                        45.2
                    ],
                    [
                        -121.8,
                        45.2
                    ],
                    [
                        -122.0,
                        45.3
                    ],
                    [
                        -121.9,
                        45.3
                    ],
                    [
                        -121.8,
                        45.3
                    ],
                    [
                        -121.7,
                        45.3
                    ],
                    [
                        -122.1,
                        45.4
                    ],
                    [
                        -122.0,
                        45.4
                    ],
                    [
                        -121.9,
                        45.4
                    ],
                    [
                        -121.8,
                        45.4
                    ]
                ]
            }
        }
    ]
}