{
    "type": "FeatureCollection",
    "features": [
        {
            "type": "Feature",
            "bbox": [
                -122.00551183,
                46.4511946,
                -121.35293063,
                46.87443425999999
            ],
            "properties": {
                "gauge_id": "14231000",
                "noaa_id": "RAWW1",
                "gauge_name": "COWLITZ RIVER AT RANDLE, WA",
                "area_sq_km": 1381.81
            },
            "geometry": {
                "type": "MultiPoint",
                "coordinates": [
                    [
                        -121.8,
                        46.5
                    ],
                    [
                        -121.7,
                        46.5
                    ],
                    [
                        -121.6,
                        46.5
                    ],
                    [
                        -121.9,
                        46.6
                    ],
                    [
                        -121.8,
                        46.6
                    ],
                    [
                        -121.7,
                        46.6
                    ],
                    [
                        -121.6,
                        46.6
                    ],
                    [
                        -121.5,
                        46.6
                    ],
                    [
                        -121.8,
                        46.7
                    ],
                    [
                        -121.7,
                        46.7
                    ],
                    [
                        -121.6,
                        46.7
                    ],
                    [
                        -121.5,
                        46.7
                    ],
                    [
                        -121.4,
                        46.7
                    ],
                    [
                        -121.7,
                        46.8
                    ],
                    [
                        -121.6,
                        46.8
                    ],
                    [
                        -121.5,
                        46.8
                    ]
                ]
            }
        }
    ]
}