{
    "type": "FeatureCollection",
    "features": [
        {
            "type": "Feature",
            "bbox": [
                -123.88022868,
                42.69848348,
                -121.97464468,
                43.61939909
            ],
            "properties": {
                "gauge_id": "14321000",
                "noaa_id": "EKTO3",
                "gauge_name": "UMPQUA RIVER NEAR ELKTON, OR",
                "area_sq_km": 9443.217
            },
            "geometry": {
                "type": "MultiPoint",
                "coordinates": [
                    [
                        -123.6,
                        42.9
                    ],
                    [
                        -123.3,
                        42.9
                    ],
                    [
                        -123.0,
                        42.9
                    ],
                    [
                        -122.7,
                        42.9
                    ],
                    [
                        -123.3,
                        43.2
                    ],
                    [
                        -123.0,
                        43.2
                    ],
                    [
                        -122.7,
                        43.2
                    ],
                    [
                        -122.4,
                        43.2
                    ],
                    [
                        -122.1,
                        43.2
                    ],
                    [
                        -123.6,
                        43.5
                    ],
                    [
                        -123.3,
                        43.5
                    ],
                    [
                        -123.0,
                        43.5
                    ],
                    [
                        -122.7,
                        43.5
                    ]
                ]
            }
        }
    ]
}