{
    "type": "FeatureCollection",
    "features": [
        {
            "type": "Feature",
            "bbox": [
                -123.336373,
                42.0301157,
                -122.13684008,
                43.13428486
            ],
            "properties": {
                "gauge_id": "14361500",
                "noaa_id": "GRAO3",
                "gauge_name": "ROGUE RIVER AT GRANTS PASS, OR",
                "area_sq_km": 6370.346
            },
            "geometry": {
                "type": "MultiPoint",
                "coordinates": [
                    [
                        -122.8,
                        42.2
                    ],
                    [
                        -122.6,
                        42.2
                    ],
                    [
                        -123.2,
                        42.4
                    ],
                    [
                        -123.0,
                        42.4
                    ],
                    [
                        -122.8,
                        42.4
                    ],
                    [
                        -122.6,
                        42.4
                    ],
                    [
                        -122.4,
                        42.4
                    ],
                    [
                        -123.2,
                        42.6
                    ],
                    [
                        -123.0,
                        42.6
                    ],
                    [
                        -122.8,
                        42.6
                    ],
                    [
                        -122.6,
                        42.6
                    ],
                    [
                        -122.4,
                        42.6
                    ],
                    [
                        -122.6,
                        42.8
                    ],
                    [
                        -122.4,
                        42.8
                    ],
                    [
                        -122.2,
                        42.8
                    ],
                    [
                        -122.4,
                        43.0
                    ],
                    [
                        -122.2,
                        43.0
                    ]
                ]
            }
        }
    ]
}