{
    "type": "FeatureCollection",
    "features": [
        {
            "type": "Feature",
            "bbox": [
                -124.13847215,
                41.91727176,
                -122.13684008,
                43.13428486
            ],
            "properties": {
                "gauge_id": "14372300",
                "noaa_id": "AGNO3",
                "gauge_name": "ROGUE RIVER NEAR AGNESS, OR",
                "area_sq_km": 10194.735
            },
            "geometry": {
                "type": "MultiPoint",
                "coordinates": [
                    [
                        -123.3,
                        42.2
                    ],
                    [
                        -123.0,
                        42.2
                    ],
                    [
                        -122.7,
                        42.2
                    ],
                    [
                        -123.6,
                        42.5
                    ],
                    [
                        -123.3,
                        42.5
                    ],
                    [
                        -123.0,
                        42.5
                    ],
                    [
                        -122.7,
                        42.5
                    ],
                    [
                        -122.4,
                        42.5
                    ],
                    [
                        -122.7,
                        42.8
                    ],
                    [
                        -122.4,
                        42.8
                    ]
                ]
            }
        }
    ]
}