{
    "type": "FeatureCollection",
    "features": [
        {
            "type": "Feature",
            "bbox": [
                -123.85866404,
                41.88060218,
                -123.31008192,
                42.25820246
            ],
            "properties": {
                "gauge_id": "14377100",
                "noaa_id": "KRBO3",
                "gauge_name": "ILLINOIS RIVER NEAR KERBY, OR",
                "area_sq_km": 990.985
            },
            "geometry": {
                "type": "MultiPoint",
                "coordinates": [
                    [
                        -123.6,
                        41.9
                    ],
                    [
                        -123.7,
                        42.0
                    ],
                    [
                        -123.6,
                        42.0
                    ],
                    [
                        -123.8,
                        42.1
                    ],
                    [
                        -123.7,
                        42.1
                    ],
                    [
                        -123.6,
                        42.1
                    ],
                    [
                        -123.5,
                        42.1
                    ],
                    [
                        -123.4,
                        42.1
                    ],
                    [
                        -123.7,
                        42.2
                    ],
                    [
                        -123.6,
                        42.2
                    ]
                ]
            }
        }
    ]
}